<?xml version="1.0" encoding="UTF-8"?>
<beans xmlns="http://www.springframework.org/schema/beans"
	xmlns:xsi="http://www.w3.org/2001/XMLSchema-instance" xmlns:context="http://www.springframework.org/schema/context"
	xsi:schemaLocation="http://www.springframework.org/schema/beans http://www.springframework.org/schema/beans/spring-beans-3.0.xsd
		http://www.springframework.org/schema/context http://www.springframework.org/schema/context/spring-context-3.0.xsd">

	<description>Example configuration to get you started.</description>

	<context:component-scan base-package="com.gana.spring.core" />

	<bean id="ganaCus" class="com.gana.spring.core.Customer">
		<property name="name" value="Gana"></property>
		<property name="account" ref="savingAcc"></property>
	</bean>
	
	<bean id="rajuCus" class="com.gana.spring.core.Customer">
		<property name="name" value="Raju"></property>
		<property name="account" ref="currAcc"></property>
	</bean>

	<bean id="savingAcc" class="com.gana.spring.core.SavingAccount">
		<property name="name" value="ICICI"></property>
		<property name="cash" value="500"></property>
	</bean>
	<bean id="currAcc" class="com.gana.spring.core.CurrentAccount">
		<property name="name" value="SBI"></property>
		<property name="cash" value="200"></property>
	</bean>

</beans>
